name,role_on_sheet,licensed_states,pending_states,also_known_as
Mohamed Aljahmi,,AK AL AR AZ CA CO CT DC DE FL GA HI IA ID IL IN KS KY LA MA MD ME MI MN MO MS MT NC ND NE NH NJ NM OH OK OR PA RI SC SD TN TX UT VA VT WA WI WV WY,,MJ Aljahmi;MJ
Ali Musa,GA,AK AL AR AZ CA CO CT DC DE FL GA HI IA ID IL IN KS KY LA MD ME MI MN MO MS MT NC ND NE NH NJ NM NV OH OK OR PA RI SC SD TN TX UT VA VT WA WI WV WY,MA,
Connor Cook,Agent,AK AZ CA CO FL GA IA ID IN KS KY LA MD MI MN MO MS MT NC ND NM OH OR PA SC SD TN TX UT VA VT WA WI WY,,
Henry Long,SA,AK AL AR AZ CA CO CT DE FL GA HI IA ID IL IN KS KY LA MD ME MI MN MO MS MT NC ND NE NH NJ NM NV OH OK OR PA RI SC SD TN TX UT VA VT WA WI WV WY,,
Kyle Stikeleather,Agent,MI MT OH OR SC UT VA VT,,
Awni Shuaib,Agent,AL CO GA ID IN KS MD MI MN MO MT NC OH OK OR PA SC SD TN TX UT VA VT WA WV,FL IA,
Hannah Sanders,Agent,AL CO DC FL GA IA KS MD MI MN MO MS MT NC OH SC TX VA WA,,
Ahmed Mawri,Agent,ID MD MI MN MO MT OH OR SC TN WA,,
Ali Eltanoukhi,,AL AR AZ CA CO FL GA HI IA ID IL IN KS KY LA MD ME MI MN MO MS MT NC NJ OH OK OR PA SC SD TN TX UT VA VT WA WV WY,,
Basel Musaed,Agent,AZ CA CO FL GA IA ID IL IN KY LA MD MI MN MT NC NM OR PA SC SD TN TX UT VA VT WA WY,,
Mstafa Aljanaby,Agent,AL AR CO ID IN MI MT NC OH OK OR SC TN TX UT VA VT WA,,
Christine Demeras,Agent,AL CA FL GA MD NC OH SC TN TX VA WV,,
Snoor Qaradaghi,SA,AK AL AR AZ CA CO CT DC DE FL GA HI IA ID IL IN KS KY LA MD ME MI MN MO MS MT NC ND NJ NM NV OH OK OR PA RI SC SD TN TX UT VA VT WA WI WV WY,,
Kimberly Villacampa,Agent,CO GA MD MI MT NC OH OR SC TN VA,,
Shiko Qaradaghi,Agent,AZ CO ID IN MI MT NC OH OK OR SC SD TN VA WA WY,,
Juela Likaj,Agent,AZ CO FL ID MN MT NC OR,GA,
Waleed Othman,Agent,CO GA ID IL IN MI MN MT NC OH OR SD TN TX UT VA WA WY,,
Ashley Beraty,Agent,MI NC OH OR TN UT VA WA WY,,
Brian Kwendu,Agent,MD OH VA,,
Maher Altairi,SA,AK AL AZ CO FL GA HI ID IL IN KS KY LA MD ME MI MN MO MS MT NC NJ NM OH OK OR PA SD TN TX UT VT WI WV WY,IA NE,
Adam Almassudi,Agent,CO GA ID IN MI MN MT NC OH OR SC TX VA WA,,
Kylah Mion,Agent,AL ID IN LA MI MS OH TX UT,,
Husein Ghasham,Agent,CO FL GA MD MI OH OR SC VA,,
Gabriel Aljailani,Agent,CO ID MI MN MT NC OH OK OR PA TN TX VA,,
Termaine Hudson,Agent,HI NC NJ OH TX,,
Essa Aljahmi,Agent,CO ID IN KS MI MN MO MT NC OH OK OR PA SC SD TN TX UT VT WI WV WY,,
Alex Murshed,SA,AL AR AZ DE FL HI IA ID IL IN KS KY MD ME MI MN MO MT NC ND NE NH NM NV OR PA RI SC TN UT VA VT WA WI WV WY,CA,
Landy Sitto,Agent,AK AL AR AZ CA CO CT DC DE FL GA HI IA ID IL IN KS KY LA MD ME MI MN MO MS MT NC ND NE NH NJ NM NV OH OK OR PA RI SC SD TN TX UT VA VT WA WI WV WY,,
Aiman Almaweri,Agent,CA MI MN OH OR PA TX UT,WA,
Adam Youssef,SA,AK AL AR AZ CO CT DE FL GA HI IA ID IL IN KS KY LA MD ME MI MN MO MS MT NC ND NE NH NJ NM NV OH OK OR PA RI SC SD TN TX UT VA VT WA WI WV WY,,
Mahmoud Sammour,Agent,AK AL AR AZ CO FL GA HI IA ID IL IN KS KY LA MD MI MN MO MS MT NC NE NJ NM NV OH OR PA SC SD TN TX UT VA WA WI WV WY,,
Saqr Algahmi,Agent,CT ID MI MN MT OH OR SC SD TN TX UT VA WA,,
Osamah Almaliky,Agent,CO ID MI MN MT OH OR UT VA,,
Jeannieliza Solis,GA,AZ CA CO FL ID IL IN KS KY MI MN MO ND NM OH OK OR PA TN TX UT VA VT WA WI WY,,
Elyana Hussain,Agent,DC GA IL MD MI NC NJ NM PA,,
Chelsea Hinson,Agent,AZ CA CO FL ID IN MI MN OH OK OR PA TN TX UT VA VT WA WI WY,,
Anisah Mohamed,Agent,AZ MI OH TN TX VA,,
Fernanda Turner,Agent,AZ CA OH UT VA WA,,
Jhonnaiker Lopez,Agent,FL IL OR WA,,
Montzer Alwatan,MGA,AK AL AR AZ CA CO CT DC DE FL GA HI IA ID IL IN KS KY LA MA MD ME MI MN MO MS MT NC ND NE NH NJ NM NV OH OK OR PA RI SC SD TN TX UT VA VT WA WI WV WY,,
Serage Jamil,GA,AK AL AR AZ CA CO CT DC DE FL GA HI IA ID IL IN KS KY LA MA MD MN MO MS MT NC ND NE NH NM NV OH OK OR PA RI SC SD TN TX UT VA VT WA WI WV WY,NJ,
Afnan Al-fatlawy,SA,AK AL AR AZ CA CO CT DC FL GA HI IA ID IL IN KY LA MD ME MI MN MO MT NC ND NH NJ NM NV OH OK OR PA SC SD TN TX UT VA VT WA WI WY,,
Adnan Aljida,Agent,CO HI ID IN KY MD MI MN MO NC ND NM NV OH PA PR SC SD TN UT VA VT WA WI,CA IA,
Amy Conner,Agent,MI NC NM SC TX VA,,
Ferrell Marshall,Agent,CA MI SC,,
MohamdAli Alwatan,SA,AR AZ CA CT DC DE FL HI IA ID IN KS KY LA MA MD MO MS MT NC ND NE NH NJ NM NV OH OK OR PA SC TN TX UT VT WI WV WY,RI,
Hajir Sabeeh,Agent,AZ CA CO FL GA HI ID IL IN KY MD MI MN MO MT NC ND NE NM NV OH OK OR PA SC SD TN TX UT VA VT WA WI WY,IA,
Sadeq Hameed,Agent,AZ CA CO FL HI ID IL IN KY MD MN MO MT NC ND NE NM NV OH OK OR PA SC SD TN TX UT VA VT WA WI WY,IA,
Ali T Alwatan,Agent,CA CO FL GA ID IL IN KY MD MI MN MT NC NM NV OH OR PA SD VA VT WA,,
Ronald Hishaw,Agent,AZ CA HI ID MN NM OK OR SC TN VA VT WA,,
Korey mucchiello,Agent,ID NM OK OR TX UT WA,CA,
Ali Kawtharani,Agent,CO FL MI NC OH TX,WA,
Hassan Dokmak,Agent,MI UT VA WA,,
Jacob pregeant,Agent,LA,,
Sabrina Leu,SA,AK CA CO FL HI IA ID IN KY LA MD MI MN NM NV OH OK OR PA SC SD TN TX UT VA WA WI,,
Salai Alualu,Agent,AK CA GA HI ID KY MI MN NM NV OH OR PA SC SD TX UT VA WA,,
Faletolu Kitona,Agent,AK HI ID MI MN NM OH OR SC TN VA WA,TX,
Monty Alsheeblawy,SA,AL AR AZ CA CO DC FL GA HI IA ID IN KY LA MD ME MI MN MO MT NC ND NM NV OH OK OR PA SC SD TN TX UT VA WA WI WY,,
Omran Daher,Agent,AL AR GA MI NC NV OH TX VA WI,CA WA,
Ali Chahine,Agent,AR CO GA MI NC OK SC TX,,
Haider Aziz,Agent,CA MI NM OH OR PA,,
Ali Alameedi,,AL AZ CA CO DC FL GA IA ID IL IN KY MD MI MN MO MT NC ND NE NM NV OH OK OR SC SD TN TX UT VA VT WA WI WY,AR,
Hussein Habhab,SA,AR AZ CA CO CT FL GA ID IN MD MI MT NC NM NV OH OK OR SC TX VA VT WA WV,,Hussien Habhab
Ali Khanafer,Agent,GA MI NC OH VA,,
Ali Haider,Agent,ID MI MN NC NV OR SD TX WA,,
Shafik Gebera,Agent,CO FL GA ID MI NC NV TX WA,,
Hassan Alatiar,Agent,MI NM OH PA,,
Yousef Hazime,Agent,MI,,
Saufaiga Sunshine Faimalo,SA,AK CA CO HI ID MI MN MO NM OH OK OR SC SD TX UT VA WA,,Saufaiga Faimalo
Sailau Leutele,Agent,WA,,
Cristina Alcivar,Agent,NM NV,,
Nicholas Rinderer,Agent,MO OK,,
